{
    "Training_Accuracy": 0.9975790633154463,
    "Test_Accuracy": 0.9901750583135028
}