{
    "Training_Accuracy": 0.9975672826016528,
    "Test_Accuracy": 0.9902457413472187
}